{
    "loss": 0.1994779109954834,
    "accuracy": 0.9759615659713745
}