{
    "loss": 0.24708488583564758,
    "accuracy": 0.9663461446762085
}